Country,Start Year,Total Affected
Afghanistan,2015,3010
Afghanistan,2016,
Afghanistan,2016,
Afghanistan,2016,
Afghanistan,2016,
Afghanistan,2017,1822
Afghanistan,2018,4000
Afghanistan,2018,
Afghanistan,2018,
Afghanistan,2019,
Afghanistan,2019,129100
Afghanistan,2019,
Afghanistan,2019,1281
Afghanistan,2019,
Afghanistan,2019,561
Afghanistan,2020,18031
Afghanistan,2020,
Afghanistan,2020,5500
Afghanistan,2020,100
Afghanistan,2020,20445
Afghanistan,2021,30833
Afghanistan,2021,4200
Afghanistan,2022,810
Afghanistan,2022,14554
Afghanistan,2022,20
Afghanistan,2022,250024
Afghanistan,2022,1379
Afghanistan,2023,1525
Afghanistan,2023,126024
Afghanistan,2024,3152
Afghanistan,2024,1920
Afghanistan,2024,258422
Afghanistan,2024,39005
Afghanistan,2024,10005
Afghanistan,2025,44
Albania,2015,42000
Albania,2015,300
Albania,2016,4800
Albania,2017,21002
Albania,2018,1340
Albania,2021,84
Algeria,2015,
Algeria,2015,35000
Algeria,2018,200
Algeria,2021,2500
Algeria,2021,420
Algeria,2023,1668
Algeria,2024,1000
Algeria,2024,11000
Algeria,2025,100
Angola,2015,2000
Angola,2015,2000
Angola,2015,1000
Angola,2016,
Angola,2016,2755
Angola,2016,5600
Angola,2016,1544
Angola,2017,30250
Angola,2018,3000
Angola,2019,4255
Angola,2019,1075
Angola,2019,11190
Angola,2020,10000
Angola,2020,10600
Angola,2021,1770
Angola,2021,8167
Angola,2023,44450
Angola,2023,116275
Argentina,2015,15000
Argentina,2015,50000
Argentina,2015,76133
Argentina,2016,72119
Argentina,2016,13650
Argentina,2017,39777
Argentina,2017,3000
Argentina,2017,9000
Argentina,2018,17000
Argentina,2018,45000
Argentina,2018,1420
Argentina,2019,31451
Argentina,2019,1800
Argentina,2019,2100
Argentina,2020,3000
Argentina,2021,90
Argentina,2023,38000
Argentina,2024,400000
Argentina,2024,2400
Argentina,2025,236700
Armenia,2024,429
Australia,2015,
Australia,2016,280
Australia,2018,600
Australia,2019,9900
Australia,2020,
Australia,2021,250
Australia,2021,18000
Australia,2021,600
Australia,2021,1000
Australia,2022,200
Australia,2022,54000
Australia,2022,6012
Australia,2022,85000
Australia,2022,102000
Australia,2023,477
Australia,2023,700
Australia,2023,170
Australia,2023,390
Australia,2024,206
Australia,2024,6000
Austria,2016,
Austria,2021,
Bangladesh,2015,1401901
Bangladesh,2015,10000
Bangladesh,2016,1900000
Bangladesh,2017,86025
Bangladesh,2017,8000000
Bangladesh,2018,14000
Bangladesh,2018,
Bangladesh,2019,7600000
Bangladesh,2020,5448271
Bangladesh,2021,268744
Bangladesh,2022,7200000
Bangladesh,2023,1000006
Bangladesh,2024,5130000
Bangladesh,2024,5820000
Bangladesh,2024,238931
Bangladesh,2025,
Bangladesh,2025,15350
Belarus,2018,50000
Belarus,2023,420
Belgium,2016,
Belgium,2021,101950
Belgium,2023,3000
Belize,2015,20000
Benin,2020,7000
Benin,2021,35850
Benin,2022,73000
Benin,2024,34052
Bhutan,2021,
Bolivia (Plurinational State of),2015,92890
Bolivia (Plurinational State of),2015,4000
Bolivia (Plurinational State of),2016,120
Bolivia (Plurinational State of),2016,5300
Bolivia (Plurinational State of),2018,12186
Bolivia (Plurinational State of),2019,14000
Bolivia (Plurinational State of),2019,335540
Bolivia (Plurinational State of),2020,2511
Bolivia (Plurinational State of),2020,35100
Bolivia (Plurinational State of),2021,13000
Bolivia (Plurinational State of),2021,7
Bolivia (Plurinational State of),2021,77965
Bolivia (Plurinational State of),2021,145000
Bolivia (Plurinational State of),2021,7500
Bolivia (Plurinational State of),2021,125
Bolivia (Plurinational State of),2021,60000
Bolivia (Plurinational State of),2022,375000
Bolivia (Plurinational State of),2023,188610
Bolivia (Plurinational State of),2023,9960
Bolivia (Plurinational State of),2023,1500
Bolivia (Plurinational State of),2023,8900
Bolivia (Plurinational State of),2024,2506
Bolivia (Plurinational State of),2024,150
Bolivia (Plurinational State of),2024,3990
Bolivia (Plurinational State of),2024,376
Bolivia (Plurinational State of),2025,2965115
Bosnia and Herzegovina,2015,
Bosnia and Herzegovina,2019,600
Bosnia and Herzegovina,2019,200
Bosnia and Herzegovina,2020,3000
Bosnia and Herzegovina,2021,250000
Bosnia and Herzegovina,2022,3000
Bosnia and Herzegovina,2023,10000
Bosnia and Herzegovina,2024,5000
Bosnia and Herzegovina,2025,3000
Botswana,2017,3250
Botswana,2018,4225
Botswana,2025,8259
Brazil,2015,1000
Brazil,2015,283140
Brazil,2015,5370
Brazil,2015,9000
Brazil,2016,50500
Brazil,2016,
Brazil,2017,104140
Brazil,2018,250
Brazil,2018,1000
Brazil,2019,10000
Brazil,2019,1306
Brazil,2019,4500
Brazil,2019,30000
Brazil,2019,
Brazil,2019,672
Brazil,2019,300
Brazil,2020,11012
Brazil,2020,658
Brazil,2020,152
Brazil,2020,5000
Brazil,2020,339
Brazil,2021,107
Brazil,2021,100000
Brazil,2021,129
Brazil,2021,243
Brazil,2021,14000
Brazil,2021,455005
Brazil,2021,2400
Brazil,2021,1036166
Brazil,2022,32
Brazil,2022,3012
Brazil,2022,16083
Brazil,2022,800
Brazil,2022,31500
Brazil,2022,44000
Brazil,2022,24304
Brazil,2022,67500
Brazil,2022,3000
Brazil,2022,17500
Brazil,2022,16350
Brazil,2023,180
Brazil,2023,4025
Brazil,2023,750
Brazil,2023,2400
Brazil,2023,15000
Brazil,2023,3719
Brazil,2023,1152
Brazil,2023,9348
Brazil,2023,11100
Brazil,2023,20000
Brazil,2023,26509
Brazil,2023,194063
Brazil,2024,62000
Brazil,2024,117000
Brazil,2024,550
Brazil,2024,291
Brazil,2024,7708
Brazil,2024,2323
Brazil,2024,2399061
Brazil,2025,400
Brazil,2025,380
Bulgaria,2015,
Bulgaria,2017,
Bulgaria,2018,600
Bulgaria,2021,25
Bulgaria,2022,10937
Bulgaria,2023,4000
Burkina Faso,2015,28925
Burkina Faso,2016,34893
Burkina Faso,2017,882
Burkina Faso,2020,21000
Burkina Faso,2020,18024
Burkina Faso,2020,91428
Burkina Faso,2024,7684
Burundi,2015,4179
Burundi,2018,12000
Burundi,2018,23000
Burundi,2018,12956
Burundi,2019,
Burundi,2019,3773
Burundi,2020,9762
Burundi,2020,27000
Burundi,2021,52182
Burundi,2023,239
Burundi,2023,9346
Burundi,2024,237175
Cabo Verde,2020,25000
Cabo Verde,2025,119000
Cambodia,2015,22000
Cambodia,2018,5817
Cambodia,2019,435000
Cambodia,2021,500
Cambodia,2021,225
Cambodia,2021,12500
Cambodia,2022,167770
Cameroon,2015,30000
Cameroon,2017,12890
Cameroon,2020,26402
Cameroon,2022,153095
Cameroon,2023,93260
Cameroon,2024,500008
Canada,2016,300
Canada,2017,16113
Canada,2017,3000
Canada,2018,4000
Canada,2019,19500
Canada,2020,12936
Canada,2021,15000
Canada,2022,1000
Canada,2022,1000
Canada,2023,1000
Canada,2023,450
Central African Republic,2017,3500
Central African Republic,2019,44918
Central African Republic,2021,3957
Central African Republic,2022,118003
Central African Republic,2024,2700
Chad,2019,423
Chad,2020,2062
Chad,2020,34872
Chad,2021,269180
Chad,2022,1100229
Chad,2024,3805
Chad,2024,1941869
Chile,2015,193881
Chile,2015,116
Chile,2016,100
Chile,2017,1200
Chile,2017,3024
Chile,2017,3000
Chile,2019,600
Chile,2021,610
Chile,2023,21673
Chile,2023,32000
Chile,2024,6393
China,2015,82021
China,2015,60000
China,2015,60000
China,2015,2400
China,2015,60000
China,2015,60000
China,2015,144900
China,2015,128610
China,2015,45000
China,2015,77440
China,2015,15000
China,2015,639000
China,2016,3000
China,2016,219300
China,2016,48000
China,2016,44100
China,2016,
China,2016,254400
China,2016,165000
China,2016,150000
China,2016,60000000
China,2016,375000
China,2016,36900
China,2016,12300
China,2017,28500
China,2017,
China,2017,12000008
China,2017,34500
China,2017,2700
China,2017,21600
China,2017,9600
China,2017,45000
China,2017,61500
China,2017,15600
China,2017,37800
China,2017,76800
China,2018,70000
China,2018,450000
China,2018,225000
China,2018,6000
China,2018,1381000
China,2018,1519000
China,2018,36000
China,2018,11400
China,2019,
China,2019,4500000
China,2019,360000
China,2019,15861
China,2019,11400
China,2019,
China,2020,10000000
China,2020,74000
China,2020,4200000
China,2020,120
China,2020,
China,2021,1080000
China,2021,14500000
China,2021,286100
China,2021,1760000
China,2022,
China,2022,3000
China,2022,
China,2022,6200
China,2023,530000
China,2023,
China,2023,109000
China,2023,600000
China,2023,134000
China,2023,
China,2023,
China,2024,110006
China,2024,7000
China,2024,
China,2024,2700
China,2024,939
China,2025,300000
China,2025,181
China,2025,
Colombia,2015,8105
Colombia,2016,72
Colombia,2016,2200
Colombia,2017,3000
Colombia,2017,2000
Colombia,2017,25661
Colombia,2017,192
Colombia,2018,
Colombia,2018,60000
Colombia,2019,9000
Colombia,2019,1647
Colombia,2019,23250
Colombia,2019,6000
Colombia,2019,
Colombia,2020,157
Colombia,2020,30000
Colombia,2020,26460
Colombia,2021,365
Colombia,2021,1000
Colombia,2021,3274
Colombia,2021,4800
Colombia,2021,150
Colombia,2021,2000
Colombia,2021,23717
Colombia,2021,850
Colombia,2021,14000
Colombia,2021,301
Colombia,2022,1650
Colombia,2022,5514
Colombia,2022,25
Colombia,2022,8101
Colombia,2022,
Colombia,2022,5000
Colombia,2022,167250
Colombia,2022,44000
Colombia,2022,270
Colombia,2023,4500
Colombia,2023,41088
Congo,2019,40000
Congo,2019,213000
Congo,2020,
Congo,2020,66000
Congo,2021,46652
Congo,2022,164679
Congo,2023,1800000
Costa Rica,2015,9666
Costa Rica,2018,125190
Costa Rica,2021,200000
Costa Rica,2024,1098668
Côte d’Ivoire,2015,
Côte d’Ivoire,2016,
Côte d’Ivoire,2017,225
Côte d’Ivoire,2018,25000
Côte d’Ivoire,2019,14646
Côte d’Ivoire,2020,18657
Côte d’Ivoire,2022,11592
Côte d’Ivoire,2024,227
Croatia,2015,1200
Croatia,2018,471
Croatia,2019,65
Croatia,2022,
Croatia,2023,177
Croatia,2025,
Cuba,2015,10089
Cuba,2022,2300
Cuba,2023,18500
Cyprus,2024,469
Czechia,2020,24
Czechia,2021,
Czechia,2023,
Democratic People's Republic of Korea,2015,3541
Democratic People's Republic of Korea,2016,667715
Democratic People's Republic of Korea,2016,
Democratic People's Republic of Korea,2018,581268
Democratic People's Republic of Korea,2020,85000
Democratic People's Republic of Korea,2021,5000
Democratic People's Republic of Korea,2024,4200
Democratic Republic of the Congo,2015,
Democratic Republic of the Congo,2015,10560
Democratic Republic of the Congo,2015,180000
Democratic Republic of the Congo,2016,2635
Democratic Republic of the Congo,2016,10000
Democratic Republic of the Congo,2017,500
Democratic Republic of the Congo,2018,15760
Democratic Republic of the Congo,2019,399894
Democratic Republic of the Congo,2020,30000
Democratic Republic of the Congo,2020,73000
Democratic Republic of the Congo,2020,500
Democratic Republic of the Congo,2020,92580
Democratic Republic of the Congo,2020,35422
Democratic Republic of the Congo,2020,4
Democratic Republic of the Congo,2022,
Democratic Republic of the Congo,2022,176000
Democratic Republic of the Congo,2022,
Democratic Republic of the Congo,2022,84711
Democratic Republic of the Congo,2023,50220
Democratic Republic of the Congo,2023,3620
Democratic Republic of the Congo,2023,5
Democratic Republic of the Congo,2024,2190000
Democratic Republic of the Congo,2024,289430
Democratic Republic of the Congo,2025,82724
Democratic Republic of the Congo,2025,8830
Democratic Republic of the Congo,2025,10028
Democratic Republic of the Congo,2025,80579
Djibouti,2019,250000
Djibouti,2020,110000
Dominican Republic,2015,20950
Dominican Republic,2015,250
Dominican Republic,2016,3400
Dominican Republic,2016,2792000
Dominican Republic,2018,7390
Dominican Republic,2022,257
Dominican Republic,2022,210
Dominican Republic,2023,289083
Dominican Republic,2023,22236
Dominican Republic,2024,15000
Ecuador,2015,1185
Ecuador,2016,10000
Ecuador,2016,23955
Ecuador,2019,3000
Ecuador,2020,290
Ecuador,2021,18003
Ecuador,2021,461
Ecuador,2022,7322
Ecuador,2022,600
Ecuador,2022,108
Ecuador,2022,26749
Ecuador,2022,600
Ecuador,2023,66764
Ecuador,2023,14186
Ecuador,2024,117498
Egypt,2020,20400
Egypt,2021,6235
El Salvador,2015,
El Salvador,2018,7099
El Salvador,2021,300
Equatorial Guinea,2025,23155
Ethiopia,2015,210600
Ethiopia,2016,3080
Ethiopia,2016,490000
Ethiopia,2019,200000
Ethiopia,2020,219000
Ethiopia,2020,1010854
Ethiopia,2021,
Ethiopia,2022,264831
Ethiopia,2023,240000
Ethiopia,2023,1500000
Ethiopia,2024,181548
France,2015,
France,2016,20024
France,2017,160
France,2018,3590
France,2018,1476
France,2019,1000
France,2019,102
France,2020,285
France,2020,200
France,2020,421
France,2021,305
France,2021,600
France,2021,240
France,2021,600
France,2021,302
France,2021,100
France,2023,3500
France,2023,6050
France,2024,750
France,2024,2485
French Guiana,2020,139
French Polynesia,2017,5004
Gabon,2024,13400
Gambia,2017,20000
Gambia,2022,17201
Georgia,2015,10320
Georgia,2018,1143
Georgia,2019,5088
Georgia,2020,5133
Georgia,2021,1780
Georgia,2022,5200
Georgia,2023,350000
Germany,2016,
Germany,2017,600
Germany,2021,1000
Germany,2024,3407
Ghana,2015,5000
Ghana,2016,
Ghana,2017,1000000
Ghana,2018,100000
Ghana,2019,
Ghana,2019,26102
Ghana,2020,200
Ghana,2020,
Ghana,2021,206
Ghana,2021,120
Ghana,2022,5000
Ghana,2023,250
Ghana,2023,40864
Greece,2015,500
Greece,2016,200
Greece,2017,6024
Greece,2020,2400
Greece,2020,570
Greece,2023,5260
Greece,2024,
Guatemala,2015,8291
Guatemala,2015,56845
Guatemala,2017,160
Guatemala,2017,10080
Guatemala,2017,1000
Guatemala,2017,31319
Guatemala,2018,76845
Guatemala,2018,100
Guatemala,2020,16000
Guatemala,2020,4070
Guatemala,2021,2245
Guatemala,2021,10572
Guatemala,2021,11799
Guatemala,2022,2890023
Guatemala,2023,4400005
Guatemala,2024,606115
Guinea,2015,29628
Guinea,2017,3287
Guinea,2020,49541
Guinea,2021,71664
Guinea,2022,49536
Guinea,2023,25072
Guinea,2024,176000
Guyana,2015,199000
Guyana,2017,3274
Guyana,2021,34500
Guyana,2022,500
Haiti,2015,45000
Haiti,2016,48280
Haiti,2016,22070
Haiti,2016,
Haiti,2016,3000
Haiti,2016,18373
Haiti,2016,2782
Haiti,2017,342
Haiti,2017,50000
Haiti,2019,3108
Haiti,2019,1325
Haiti,2021,13380
Haiti,2022,12500
Haiti,2022,500
Haiti,2023,225143
Haiti,2023,
Haiti,2024,17790
Haiti,2024,155025
Haiti,2024,1015
Honduras,2016,450000
Honduras,2017,645
Honduras,2017,400
Honduras,2017,46975
Honduras,2018,6948
Honduras,2020,17700
Honduras,2022,1800
Honduras,2022,76657
Hungary,2016,2282
India,2015,2122
India,2015,200
India,2015,9000
India,2015,1000
India,2015,13709887
India,2015,
India,2015,18000
India,2015,787000
India,2015,85250
India,2015,1801000
India,2016,100000
India,2016,
India,2016,2000000
India,2016,1600000
India,2016,100000
India,2016,3000
India,2016,3000
India,2016,
India,2017,100000
India,2017,
India,2017,1735000
India,2017,12831
India,2017,520000
India,2017,17200000
India,2017,12
India,2017,4000
India,2017,2700000
India,2018,
India,2018,11728
India,2018,4945
India,2018,1545
India,2018,41430
India,2018,23220000
India,2018,25000
India,2018,3050
India,2018,
India,2019,60
India,2019,3000000
India,2019,17500
India,2019,27500
India,2019,25000
India,2020,
India,2020,30002
India,2020,5000
India,2020,1300000
India,2020,150000
India,2021,1000
India,2021,7587
India,2021,375000
India,2021,122
India,2021,850000
India,2021,3950
India,2021,1402
India,2021,11000
India,2021,74500
India,2022,1301260
India,2022,800000
India,2022,
India,2023,500000
India,2023,5
India,2023,10250000
India,2023,
India,2023,
India,2024,2100000
India,2024,1000020
India,2024,
India,2024,1700000
India,2024,8007173
India,2024,
India,2025,1441247
India,2025,80074
India,2025,300
Indonesia,2015,8259
Indonesia,2015,300
Indonesia,2015,25000
Indonesia,2015,
Indonesia,2015,8000
Indonesia,2015,25750
Indonesia,2016,80313
Indonesia,2016,30000
Indonesia,2016,12500
Indonesia,2016,24000
Indonesia,2016,1354
Indonesia,2016,8920
Indonesia,2016,4500
Indonesia,2016,19669
Indonesia,2016,105000
Indonesia,2016,105753
Indonesia,2017,400
Indonesia,2017,17410
Indonesia,2017,359
Indonesia,2017,282420
Indonesia,2017,25011
Indonesia,2017,12000
Indonesia,2017,2280
Indonesia,2018,12001
Indonesia,2018,3000
Indonesia,2018,20000
Indonesia,2018,3000
Indonesia,2018,5463
Indonesia,2018,100000
Indonesia,2019,2650
Indonesia,2019,168397
Indonesia,2019,59540
Indonesia,2019,2258
Indonesia,2019,13002
Indonesia,2019,52000
Indonesia,2019,55495
Indonesia,2019,9435
Indonesia,2019,5000
Indonesia,2019,501110
Indonesia,2019,60000
Indonesia,2020,7213
Indonesia,2020,
Indonesia,2020,75000
Indonesia,2020,2122
Indonesia,2020,10905
Indonesia,2020,115000
Indonesia,2020,112000
Indonesia,2020,40000
Indonesia,2020,84609
Indonesia,2020,56488
Indonesia,2020,100
Indonesia,2020,25000
Indonesia,2020,110000
Indonesia,2020,2000
Indonesia,2020,3805
Indonesia,2020,1835
Indonesia,2020,41837
Indonesia,2020,12003
Indonesia,2020,10000
Indonesia,2020,23461
Indonesia,2020,14534
Indonesia,2020,10000
Indonesia,2020,110000
Indonesia,2020,1852
Indonesia,2020,18200
Indonesia,2021,126025
Indonesia,2021,10000
Indonesia,2021,25400
Indonesia,2021,228650
Indonesia,2021,90590
Indonesia,2021,1974
Indonesia,2021,75506
Indonesia,2021,59800
Indonesia,2021,6408
Indonesia,2021,62900
Indonesia,2021,11839
Indonesia,2021,79095
Indonesia,2021,2226
Indonesia,2021,1275
Indonesia,2021,11028
Indonesia,2021,78738
Indonesia,2021,43000
Indonesia,2021,27500
Indonesia,2022,6500
Indonesia,2022,14700
Indonesia,2022,31800
Indonesia,2022,16003
Indonesia,2022,17201
Indonesia,2022,3126
Indonesia,2022,40002
Indonesia,2022,203
Indonesia,2022,4580
Indonesia,2022,7000
Indonesia,2022,12500
Indonesia,2022,196745
Indonesia,2022,3210
Indonesia,2023,100000
Indonesia,2023,16700
Indonesia,2023,517
Indonesia,2023,14500
Indonesia,2023,17750
Indonesia,2024,25502
Indonesia,2024,3132
Indonesia,2024,51812
Indonesia,2024,3337
Indonesia,2024,15400
Indonesia,2024,615
Indonesia,2024,1000
Indonesia,2024,10160
Indonesia,2025,78006
Indonesia,2025,2000
Indonesia,2025,6665
Indonesia,2025,12000
Indonesia,2025,4
Indonesia,2025,27632
Indonesia,2025,1362
Iran (Islamic Republic of),2015,2000
Iran (Islamic Republic of),2015,2700
Iran (Islamic Republic of),2015,4030
Iran (Islamic Republic of),2015,
Iran (Islamic Republic of),2015,17700
Iran (Islamic Republic of),2017,
Iran (Islamic Republic of),2017,2000
Iran (Islamic Republic of),2018,7135
Iran (Islamic Republic of),2019,20
Iran (Islamic Republic of),2019,10001076
Iran (Islamic Republic of),2019,106
Iran (Islamic Republic of),2020,196152
Iran (Islamic Republic of),2020,24000
Iran (Islamic Republic of),2020,22
Iran (Islamic Republic of),2020,2501
Iran (Islamic Republic of),2020,4900
Iran (Islamic Republic of),2020,1000
Iran (Islamic Republic of),2021,1810
Iran (Islamic Republic of),2022,20014
Iran (Islamic Republic of),2022,18001
Iran (Islamic Republic of),2022,126775
Iran (Islamic Republic of),2024,258387
Iran (Islamic Republic of),2024,46000
Iran (Islamic Republic of),2024,450
Iran (Islamic Republic of),2024,
Iraq,2015,65000
Iraq,2018,25000
Iraq,2019,5865
Iraq,2020,1500
Iraq,2021,3203
Iraq,2021,7500
Iraq,2024,18017
Iraq,2025,30000
Ireland,2017,200
Ireland,2017,400
Israel,2018,
Israel,2020,
Italy,2015,50
Italy,2015,500
Italy,2016,400
Italy,2017,1000
Italy,2018,23
Italy,2019,1200
Italy,2020,250
Italy,2020,510
Italy,2020,200
Italy,2021,
Italy,2022,33
Italy,2023,500
Italy,2023,46000
Italy,2025,250
Japan,2015,45046
Japan,2016,6000
Japan,2017,2944
Japan,2018,1500102
Japan,2019,600
Japan,2019,302
Japan,2019,270
Japan,2020,250114
Japan,2021,300
Japan,2021,30000
Japan,2022,11108
Japan,2023,4218
Japan,2024,13
Japan,2025,2108
Jordan,2018,35
Jordan,2018,29
Kazakhstan,2015,12670
Kazakhstan,2017,7000
Kazakhstan,2018,400
Kazakhstan,2020,33000
Kazakhstan,2024,120000
Kenya,2015,1500
Kenya,2015,3000
Kenya,2015,240799
Kenya,2016,1000
Kenya,2016,10000
Kenya,2017,25000
Kenya,2018,
Kenya,2018,211188
Kenya,2018,
Kenya,2019,233339
Kenya,2020,810655
Kenya,2021,300000
Kenya,2023,139164
Kenya,2023,22500
Kenya,2023,695497
Kenya,2024,306708
Kenya,2024,15002
Kenya,2024,
Kenya,2024,3970
Kuwait,2018,
Kyrgyzstan,2024,103901
Kyrgyzstan,2024,500
Kyrgyzstan,2024,3000
Lao People's Democratic Republic,2015,47800
Lao People's Democratic Republic,2015,140
Lao People's Democratic Republic,2016,26328
Lao People's Democratic Republic,2018,13100
Lao People's Democratic Republic,2019,507500
Lao People's Democratic Republic,2022,42552
Lao People's Democratic Republic,2023,110129
Lao People's Democratic Republic,2024,185843
Lao People's Democratic Republic,2025,172010
Latvia,2023,200
Liberia,2016,15431
Liberia,2024,51000
Libya,2019,20030
Libya,2024,3335
Luxembourg,2021,
Madagascar,2015,24000
Madagascar,2019,
Madagascar,2020,106846
Madagascar,2021,1400
Madagascar,2022,62114
Madagascar,2025,3688
Madagascar,2025,
Malawi,2015,638645
Malawi,2016,2800
Malawi,2017,55921
Malawi,2018,300
Malawi,2018,200
Malawi,2018,9113
Malawi,2019,15974
Malawi,2019,975672
Malawi,2020,2250
Malawi,2022,94185
Malawi,2024,14004
Malawi,2024,48828
Malawi,2025,181270
Malaysia,2015,3000
Malaysia,2016,6000
Malaysia,2016,441
Malaysia,2016,400
Malaysia,2016,25000
Malaysia,2017,5481
Malaysia,2017,3500
Malaysia,2017,13000
Malaysia,2018,4900
Malaysia,2018,12000
Malaysia,2019,1000
Malaysia,2019,2412
Malaysia,2019,15000
Malaysia,2019,4065
Malaysia,2020,2000
Malaysia,2020,9000
Malaysia,2020,1210
Malaysia,2020,400
Malaysia,2020,9273
Malaysia,2021,3000
Malaysia,2021,6000
Malaysia,2021,23776
Malaysia,2021,5782
Malaysia,2021,4828
Malaysia,2021,255
Malaysia,2021,1000
Malaysia,2021,120000
Malaysia,2022,26000
Malaysia,2022,1290
Malaysia,2022,228
Malaysia,2022,3107
Malaysia,2022,60000
Malaysia,2023,11000
Malaysia,2023,46630
Malaysia,2023,881
Malaysia,2023,25676
Malaysia,2025,12500
Malaysia,2025,251
Malaysia,2025,4555
Maldives,2019,1800
Mali,2015,2000
Mali,2016,9500
Mali,2018,13150
Mali,2019,507
Mali,2019,6474
Mali,2022,79012
Mali,2024,380154
Mauritania,2019,33600
Mauritania,2020,10700
Mauritania,2020,9282
Mauritania,2022,28926
Mauritania,2023,7200
Mexico,2015,3000
Mexico,2016,6000
Mexico,2016,6000
Mexico,2016,3000
Mexico,2016,35000
Mexico,2016,3000
Mexico,2017,800
Mexico,2018,120
Mexico,2019,3000
Mexico,2019,142
Mexico,2019,500
Mexico,2020,5100
Mexico,2020,90000
Mexico,2021,1000
Mexico,2021,1020
Mexico,2021,10500
Mexico,2022,2100
Mexico,2022,1050
Mexico,2023,
Mexico,2025,444
Mongolia,2018,8301
Mongolia,2019,500
Mongolia,2020,1230
Mongolia,2020,12000
Mongolia,2020,13875
Mongolia,2021,6356
Mongolia,2022,4269
Mongolia,2023,288738
Mongolia,2023,1230
Morocco,2019,29
Morocco,2019,200
Morocco,2021,10
Morocco,2021,1375
Morocco,2024,168
Mozambique,2015,177645
Mozambique,2016,6600
Mozambique,2016,165000
Mozambique,2018,77150
Mozambique,2019,
Mozambique,2019,63000
Mozambique,2019,58066
Mozambique,2020,8700
Mozambique,2020,145000
Mozambique,2021,11410
Mozambique,2022,78271
Mozambique,2023,89093
Myanmar,2015,14000
Myanmar,2015,1621703
Myanmar,2015,
Myanmar,2016,377667
Myanmar,2016,474560
Myanmar,2017,92000
Myanmar,2018,
Myanmar,2018,109650
Myanmar,2018,63400
Myanmar,2019,6200
Myanmar,2019,1875
Myanmar,2020,25000
Myanmar,2021,125000
Myanmar,2023,48000
Myanmar,2023,27335
Myanmar,2024,106792
Myanmar,2025,35000
Myanmar,2025,580
Namibia,2017,2502
Namibia,2020,1000
Namibia,2021,401
Namibia,2023,2190
Namibia,2025,
Nepal,2016,10551
Nepal,2016,10023
Nepal,2017,6000
Nepal,2017,1700134
Nepal,2018,1406
Nepal,2019,82541
Nepal,2020,117677
Nepal,2021,820
Nepal,2021,2101
Nepal,2021,1010
Nepal,2021,10
Nepal,2022,5500
Nepal,2022,511
Nepal,2023,1506
Nepal,2024,2734
Nepal,2024,2590178
Netherlands (Kingdom of the),2021,
New Zealand,2015,100
New Zealand,2015,400
New Zealand,2016,300
New Zealand,2017,2200
New Zealand,2018,100
New Zealand,2020,2400
New Zealand,2020,300
New Zealand,2021,750
New Zealand,2021,200
New Zealand,2021,180
New Zealand,2023,5400
Nicaragua,2015,3750
Nicaragua,2017,13715
Nicaragua,2018,13000
Niger,2015,87037
Niger,2016,123266
Niger,2016,3000
Niger,2017,3000
Niger,2017,206513
Niger,2018,130468
Niger,2019,200000
Niger,2019,23000
Niger,2020,632608
Niger,2020,50012
Niger,2021,105750
Niger,2022,322185
Niger,2023,169651
Niger,2024,1527058
Nigeria,2015,100420
Nigeria,2016,12000
Nigeria,2017,500
Nigeria,2017,10000
Nigeria,2018,15872
Nigeria,2018,1922332
Nigeria,2019,18640
Nigeria,2019,52500
Nigeria,2020,300
Nigeria,2020,
Nigeria,2020,193425
Nigeria,2021,7500
Nigeria,2021,830
Nigeria,2022,2802500
Nigeria,2023,1336
Nigeria,2023,30000
Nigeria,2024,1377411
Nigeria,2024,414058
Nigeria,2025,8121
Nigeria,2025,5580
Nigeria,2025,800
North Macedonia,2015,100000
North Macedonia,2015,5030
North Macedonia,2016,33582
Oman,2016,
Oman,2017,200
Oman,2019,
Oman,2020,100
Oman,2024,191
Oman,2024,1200
Pakistan,2015,
Pakistan,2015,5067
Pakistan,2015,
Pakistan,2015,
Pakistan,2015,1572423
Pakistan,2015,
Pakistan,2016,77
Pakistan,2016,410
Pakistan,2016,3
Pakistan,2016,2900
Pakistan,2016,
Pakistan,2016,4412
Pakistan,2016,2960
Pakistan,2017,60650
Pakistan,2017,2367
Pakistan,2018,5000
Pakistan,2019,22
Pakistan,2019,
Pakistan,2019,871
Pakistan,2019,
Pakistan,2019,4
Pakistan,2019,
Pakistan,2019,
Pakistan,2019,
Pakistan,2020,4836
Pakistan,2020,179
Pakistan,2020,5000
Pakistan,2020,1550170
Pakistan,2021,256
Pakistan,2021,97
Pakistan,2021,4
Pakistan,2021,
Pakistan,2022,33012865
Pakistan,2023,
Pakistan,2023,50
Pakistan,2023,777
Pakistan,2023,3
Pakistan,2023,198
Pakistan,2023,29175
Pakistan,2023,
Pakistan,2023,
Pakistan,2023,89601
Pakistan,2024,3232
Pakistan,2024,551768
Pakistan,2025,5727
Pakistan,2025,290
Pakistan,2025,254
Pakistan,2025,20847
Panama,2015,3500
Panama,2020,150
Panama,2021,3001
Panama,2021,27189
Panama,2022,150
Papua New Guinea,2015,20000
Papua New Guinea,2016,6600
Papua New Guinea,2019,350
Papua New Guinea,2020,200
Papua New Guinea,2020,700
Papua New Guinea,2020,60000
Paraguay,2015,3700
Paraguay,2015,136450
Paraguay,2018,5000
Paraguay,2018,41300
Paraguay,2019,2000
Paraguay,2019,310595
Paraguay,2019,208602
Paraguay,2021,4000
Paraguay,2021,2000
Paraguay,2023,39000
Paraguay,2023,7675
Peru,2015,147405
Peru,2015,3235
Peru,2016,10000
Peru,2017,376000
Peru,2017,12000
Peru,2017,1800505
Peru,2019,8379
Peru,2019,
Peru,2019,900
Peru,2020,240
Peru,2020,6461
Peru,2020,550
Peru,2021,84
Peru,2021,12000
Peru,2021,1875
Peru,2021,561
Peru,2021,9000
Peru,2021,2595
Peru,2021,105
Peru,2021,2984
Peru,2022,500
Peru,2023,410000
Peru,2023,124326
Peru,2023,168
Peru,2024,346
Peru,2024,203
Peru,2025,150
Peru,2025,57000
Peru,2025,7966
Philippines,2015,122000
Philippines,2015,42500
Philippines,2015,3000
Philippines,2015,880
Philippines,2015,62929
Philippines,2016,1263098
Philippines,2016,1300000
Philippines,2017,1500000
Philippines,2017,334000
Philippines,2017,8000
Philippines,2018,180000
Philippines,2019,45000
Philippines,2021,261580
Philippines,2021,38160
Philippines,2021,18170
Philippines,2021,3280
Philippines,2021,24166
Philippines,2022,1955
Philippines,2022,600016
Philippines,2023,2143358
Philippines,2023,32764
Philippines,2023,215000
Philippines,2023,1157488
Philippines,2024,1228014
Philippines,2025,123000
Philippines,2025,192
Poland,2016,3
Poland,2020,5200
Poland,2021,
Puerto Rico,2018,400
Puerto Rico,2022,
Qatar,2018,1500
Republic of Korea,2020,9000
Republic of Korea,2020,6000
Republic of Korea,2022,11418
Republic of Korea,2023,10534
Republic of Korea,2024,3500
Republic of Korea,2025,14575
Republic of Korea,2025,1000
Romania,2015,2000
Romania,2016,200
Romania,2016,300
Romania,2018,2300
Romania,2018,1600
Romania,2019,362
Romania,2020,1550
Romania,2021,100
Romania,2025,2500
Russian Federation,2015,1500
Russian Federation,2016,3200
Russian Federation,2016,8196
Russian Federation,2016,300
Russian Federation,2017,15721
Russian Federation,2018,3672
Russian Federation,2018,11303
Russian Federation,2019,33190
Russian Federation,2019,10000
Russian Federation,2019,7000
Russian Federation,2019,14
Russian Federation,2021,138
Russian Federation,2021,24000
Russian Federation,2021,4500
Russian Federation,2022,750
Russian Federation,2024,38400
Rwanda,2015,3431
Rwanda,2016,
Rwanda,2018,26051
Rwanda,2018,360
Rwanda,2018,
Rwanda,2019,5393
Rwanda,2019,565
Rwanda,2020,498
Rwanda,2020,5242
Rwanda,2020,505
Rwanda,2020,
Rwanda,2020,16210
Rwanda,2021,6500
Rwanda,2022,787
Rwanda,2022,513
Rwanda,2022,
Rwanda,2023,51982
Rwanda,2024,27
Saint Lucia,2022,5500
Saint Vincent and the Grenadines,2016,25000
Sao Tome and Principe,2021,219668
Saudi Arabia,2015,
Saudi Arabia,2015,
Saudi Arabia,2016,915
Saudi Arabia,2016,
Saudi Arabia,2017,481
Saudi Arabia,2019,271
Saudi Arabia,2019,36
Saudi Arabia,2019,1111
Saudi Arabia,2020,600
Senegal,2016,10646
Senegal,2019,8968
Senegal,2020,17000
Senegal,2022,20010
Senegal,2024,55600
Serbia,2016,7000
Serbia,2016,1655
Serbia,2018,231
Serbia,2019,11650
Serbia,2020,16500
Serbia,2021,22
Serbia,2023,210
Serbia,2023,15432
Sierra Leone,2015,24303
Sierra Leone,2019,5000
Sierra Leone,2019,5381
Sierra Leone,2022,12982
Sierra Leone,2024,23596
Slovakia,2020,250
Slovakia,2021,
Slovenia,2021,1500
Slovenia,2023,1500120
Somalia,2015,900000
Somalia,2015,16296
Somalia,2016,
Somalia,2018,700000
Somalia,2019,500000
Somalia,2020,1000020
Somalia,2020,191000
Somalia,2021,400000
Somalia,2022,4416
Somalia,2023,100003
Somalia,2023,468000
Somalia,2023,278000
Somalia,2023,2480000
Somalia,2024,226000
Somalia,2025,45000
Somalia,2025,84010
South Africa,2016,6900
South Africa,2016,600
South Africa,2017,200
South Africa,2019,
South Africa,2019,1000
South Africa,2019,
South Africa,2019,3500
South Africa,2020,200
South Africa,2021,400
South Africa,2022,
South Africa,2022,100
South Africa,2022,138
South Africa,2022,187
South Africa,2022,142290
South Africa,2022,200
South Africa,2022,204
South Africa,2022,56177
South Africa,2023,1000
South Africa,2023,500
South Africa,2023,5000
South Africa,2023,1800
South Africa,2024,756
South Africa,2024,46620
South Africa,2024,3090
South Africa,2025,1000
South Sudan,2016,22000
South Sudan,2019,234800
South Sudan,2019,700000
South Sudan,2020,1042000
South Sudan,2021,835000
South Sudan,2022,1000000
South Sudan,2024,1400000
Spain,2015,1600
Spain,2015,150
Spain,2016,150
Spain,2018,200
Spain,2019,3500
Spain,2019,73
Spain,2021,150
Spain,2021,100
Spain,2023,6000
Spain,2024,36115
Spain,2024,500
Sri Lanka,2015,20000
Sri Lanka,2015,7309
Sri Lanka,2016,301602
Sri Lanka,2017,879932
Sri Lanka,2017,13197
Sri Lanka,2018,153712
Sri Lanka,2018,75000
Sri Lanka,2018,75000
Sri Lanka,2019,136607
Sri Lanka,2019,8200
Sri Lanka,2019,155009
Sri Lanka,2019,65322
Sri Lanka,2019,167436
Sri Lanka,2020,40000
Sri Lanka,2020,111665
Sri Lanka,2021,50190
Sri Lanka,2021,43704
Sri Lanka,2021,6000
Sri Lanka,2021,230004
Sri Lanka,2022,82391
Sri Lanka,2022,61469
Sri Lanka,2022,5478
Sri Lanka,2023,244504
Sri Lanka,2024,175000
Sri Lanka,2024,235902
Sudan,2015,
Sudan,2016,200004
Sudan,2017,55647
Sudan,2018,2750
Sudan,2018,54666
Sudan,2018,70060
Sudan,2019,6198
Sudan,2019,346300
Sudan,2020,875013
Sudan,2021,303045
Sudan,2022,349122
Sudan,2024,317107
Suriname,2021,10100
Suriname,2022,9000
Sweden,2021,13500
Switzerland,2021,
Syrian Arab Republic,2019,235000
Syrian Arab Republic,2021,142003
Syrian Arab Republic,2023,2851
Syrian Arab Republic,2024,9700
Taiwan (Province of China),2017,4074
Taiwan (Province of China),2025,5977
Tajikistan,2015,5401
Tajikistan,2015,5401
Tajikistan,2016,12750
Tajikistan,2017,700
Tajikistan,2018,5725
Tajikistan,2019,6750
Tajikistan,2020,2690
Tajikistan,2021,25010
Tajikistan,2023,
Tajikistan,2024,40
Thailand,2016,204000
Thailand,2016,22500
Thailand,2016,582343
Thailand,2017,1800000
Thailand,2017,1000000
Thailand,2017,605000
Thailand,2017,385498
Thailand,2019,158000
Thailand,2020,40000
Thailand,2020,691659
Thailand,2020,139000
Thailand,2021,175493
Thailand,2021,325400
Thailand,2021,298900
Thailand,2021,25001
Thailand,2021,132900
Thailand,2022,60000
Thailand,2022,108500
Thailand,2022,1380
Thailand,2022,3900
Thailand,2022,2300
Thailand,2022,63100
Thailand,2022,485908
Thailand,2022,25605
Thailand,2022,630000
Thailand,2023,7650
Thailand,2023,241473
Thailand,2024,38350
Thailand,2024,737000
Thailand,2025,1244
Thailand,2025,600
Timor-Leste,2020,9131
Togo,2017,16060
Togo,2020,57000
Togo,2022,18596
Togo,2024,12700
Trinidad and Tobago,2018,150000
Trinidad and Tobago,2022,100000
Tunisia,2018,30000
Tunisia,2020,40000
Tunisia,2021,
Tunisia,2022,4000
Türkiye,2015,6500
Türkiye,2019,70
Türkiye,2019,220
Türkiye,2019,15000
Türkiye,2020,750
Türkiye,2020,72
Türkiye,2020,
Türkiye,2021,4500
Türkiye,2021,2660
Türkiye,2022,115
Türkiye,2022,3000
Türkiye,2023,
Türkiye,2023,31
Türkiye,2024,900
Uganda,2016,10000
Uganda,2017,14
Uganda,2019,100
Uganda,2019,2500
Uganda,2019,4750
Uganda,2019,6000
Uganda,2019,65250
Uganda,2020,200
Uganda,2020,100000
Uganda,2020,25000
Uganda,2020,4000
Uganda,2020,2300
Uganda,2021,75000
Uganda,2021,134
Uganda,2021,42330
Uganda,2022,1500
Uganda,2022,78338
Uganda,2022,130
Uganda,2023,1016
Uganda,2024,57804
Ukraine,2016,200
Ukraine,2020,55000
Ukraine,2023,2850
United Arab Emirates,2017,188
United Arab Emirates,2024,346
United Arab Emirates,2024,
United Kingdom of Great Britain and Northern Ireland,2015,48000
United Kingdom of Great Britain and Northern Ireland,2017,200
United Kingdom of Great Britain and Northern Ireland,2017,100
United Kingdom of Great Britain and Northern Ireland,2019,4800
United Kingdom of Great Britain and Northern Ireland,2020,480
United Republic of Tanzania,2015,5000
United Republic of Tanzania,2016,58896
United Republic of Tanzania,2016,53446
United Republic of Tanzania,2016,27933
United Republic of Tanzania,2017,
United Republic of Tanzania,2018,15873
United Republic of Tanzania,2019,5000
United Republic of Tanzania,2019,
United Republic of Tanzania,2019,
United Republic of Tanzania,2019,
United Republic of Tanzania,2020,28258
United Republic of Tanzania,2020,19323
United Republic of Tanzania,2020,17500
United Republic of Tanzania,2020,
United Republic of Tanzania,2021,2000
United Republic of Tanzania,2022,3500
United Republic of Tanzania,2023,24
United Republic of Tanzania,2023,1976
United Republic of Tanzania,2023,2896500
United Republic of Tanzania,2024,200236
United Republic of Tanzania,2024,140
United Republic of Tanzania,2025,3150
United States of America,2015,12000
United States of America,2015,12000
United States of America,2015,600
United States of America,2015,
United States of America,2015,4050
United States of America,2016,21000
United States of America,2016,
United States of America,2016,
United States of America,2016,70000
United States of America,2016,
United States of America,2016,
United States of America,2017,300
United States of America,2017,70
United States of America,2017,
United States of America,2018,1596
United States of America,2018,
United States of America,2018,
United States of America,2019,6000
United States of America,2019,8000
United States of America,2019,2000
United States of America,2019,600
United States of America,2020,3000
United States of America,2020,10000
United States of America,2021,51
United States of America,2021,
United States of America,2021,
United States of America,2021,636
United States of America,2021,
United States of America,2021,
United States of America,2021,89
United States of America,2021,600
United States of America,2021,
United States of America,2021,
United States of America,2021,500
United States of America,2021,
United States of America,2022,
United States of America,2022,600
United States of America,2022,475
United States of America,2023,2000
United States of America,2023,
United States of America,2023,
United States of America,2023,126
United States of America,2024,226
United States of America,2024,6000
United States of America,2024,338
United States of America,2025,4
United States of America,2025,850
United States of America,2025,603
United States of America,2025,
Uruguay,2015,2326
Uruguay,2015,10000
Uruguay,2015,23000
Uruguay,2016,10605
Uruguay,2017,6639
Uruguay,2019,5427
Uruguay,2019,7406
Uruguay,2019,270
Uruguay,2020,360
Uruguay,2022,160
Uruguay,2023,3472
Uruguay,2024,100000
Uruguay,2024,3588
Uzbekistan,2020,70060
Uzbekistan,2022,165
Venezuela (Bolivarian Republic of),2015,45297
Venezuela (Bolivarian Republic of),2016,
Venezuela (Bolivarian Republic of),2018,9700
Venezuela (Bolivarian Republic of),2018,1000
Venezuela (Bolivarian Republic of),2019,2000
Venezuela (Bolivarian Republic of),2020,3690
Venezuela (Bolivarian Republic of),2021,1200
Venezuela (Bolivarian Republic of),2021,1400100
Venezuela (Bolivarian Republic of),2022,86800
Venezuela (Bolivarian Republic of),2022,2000
Venezuela (Bolivarian Republic of),2022,
Venezuela (Bolivarian Republic of),2022,2000
Venezuela (Bolivarian Republic of),2022,900
Venezuela (Bolivarian Republic of),2023,112
Viet Nam,2015,15000
Viet Nam,2015,100
Viet Nam,2016,659615
Viet Nam,2016,562121
Viet Nam,2016,206340
Viet Nam,2016,509
Viet Nam,2017,4104
Viet Nam,2017,400
Viet Nam,2017,4161
Viet Nam,2017,40038
Viet Nam,2017,41500
Viet Nam,2018,16728
Viet Nam,2018,6000
Viet Nam,2018,105000
Viet Nam,2019,265
Viet Nam,2019,1500
Viet Nam,2019,61540
Viet Nam,2019,36450
Viet Nam,2019,26255
Viet Nam,2020,2621
Viet Nam,2021,180
Viet Nam,2021,13603
Viet Nam,2021,300000
Viet Nam,2022,226
Viet Nam,2022,2554
Viet Nam,2022,
Viet Nam,2022,10000
Viet Nam,2022,10495
Viet Nam,2023,6540
Viet Nam,2023,2175
Viet Nam,2023,214535
Viet Nam,2023,1900
Viet Nam,2024,9628
Viet Nam,2025,690
Yemen,2016,29750
Yemen,2017,8
Yemen,2019,80000
Yemen,2019,
Yemen,2019,500
Yemen,2020,23129
Yemen,2020,150030
Yemen,2020,215
Yemen,2020,
Yemen,2021,22380
Yemen,2021,205828
Yemen,2022,41000
Yemen,2022,175000
Yemen,2022,3400
Yemen,2023,308183
Yemen,2024,39123
Yemen,2024,171316
Yemen,2024,1075
Yemen,2024,655646
Zambia,2019,
Zambia,2020,1500
Zambia,2020,700000
Zambia,2020,4272
Zambia,2022,21582
Zambia,2023,22000
Zambia,2023,154608
Zimbabwe,2019,300
Zimbabwe,2022,
